ecosystem,NRPS,PKS,RiPP,other,terpene
Marine,0.2188449848024316,0.10638297872340426,0.22036474164133737,0.22340425531914893,0.23100303951367782
Terrestrial,0.2650862068965517,0.1875,0.3146551724137931,0.07543103448275862,0.15732758620689655
